ORFsize,POI,ORFdescription,MT#
1157,4,recFprotein,3
1475,268,PCNbindingprotein,putative,19
1565,274,ConservedHP,23
845,552,NLP/P60familyprotein,27
272,159,HP,28
1688,157,AMP-bindingfamilyprotein(fadD34),40
1688,597,AMPbindingfamilyprotein(fadD34),40
1301,249,membraneprotein,42
608,71,ConservedHP,43
626,427,Transcriptionalregulator,MarRfamily,48
794,43,ConservedHP,50
794,518,conservedHP,50
869,504,HP,54
869,570,HP,54
212,178,HP(beforeRv0062),66.2
1142,548,Cellulase,67
401,210,HP,71
2237,829,Isocitratedehydrogenase,NADP-dependent,72
2237,1741,isocitratedehydrogenase,NADPdependent(icd2),72
2176,2178,isocitratedehydrogenaseNADP-dependent(icd2),72
716,29,ConservativeHP,77
1049,163,ConservedHP,78
1049,542,ConservedHP,78
992,36,ABCtransporter,ATPbindingprotein,79
992,251,ABCtransporter,79
992,262,ABCtransporter,ATP-bindingprotein(HP),79
1235,609,ConservedHP,80
344,172,transcriptionalregulatorArsRfamily(HP),88
770,709,HP,99
1391,715,PPE,105
1622,237,SubstrateCoA-ligase(fadD10),108
7562,364,peptidesynthase(nrp),110
7562,1750,Peptidesynthetase(nrp),110
7562,5881,peptidesynthase(nrp),110
7562,7403,peptidesynthetase(nrp),110
1196,17,conservedHP,115
854,179,Rhomboidfamilyprotein,119
2144,252,TranslationelongationfactorG(fusA2),128
1805,518,alpha-amylasefamilyprotein(HP),134
1040,291,esterase,antigen85-C(fbpc2),137
380,211,HP,148
941,126,conservedHP,154
968,48,Quinoneoxidoreductase,157
968,502,Quinoneoxidoreductase,157
1766,84,PPEfamilyprotein,160
1601,466,PEfamilyprotein,161
1601,1446,PEfamilyprotein(PE),161
1223,91,Acyl-CoA-dehydrogenase,putative(fadE2),163
1406,290,PEfamilyprotein,168
1406,825,PEfamilyprotein,168
1556,759,SubstrateCoA-ligase(fadD5),175
1583,179,Virulencefactor(HP),178
1583,1172,virulencefactor(mce1),178
1583,1466,Virulencefactor(mce1),178
1592,201,HP(virulencefactorMCEfamilyprotein),181
1592,652,virulencefactormceprotein,181
1169,1159,virulencefactormcefamilyprotein(lprK),182
1547,321,virulencefactormceprotein,183
734,310,HP,187
734,96,conservedHP,190
1100,787,ConservativeHP,202
1826,510,HP,203
1826,628,HP,203
1826,642,HP,203
1826,1196,HP,203
1826,1436,HP,203
3725,1719,ABCtransporter,ATP-bindingprotein(HP),204
2900,560,MembraneproteinMmpLII,212
2900,2719,mmpL11,212
1103,49,ConservedHP,215
1103,641,ConservativeHP,215
1313,640,Methyltransferase(HP),223
1349,471,HP,231
1349,1057,HP,231
1349,1058,HP,231
1349,1071,HP,231
1349,1186,HP,231
1463,22,Aldehydedehydrogenasefamilyprotein,233
680,524,HP,239
1037,68,Parathionhydrolase,240,
1037,355,Parathionhydrolase(HP),240,
1706,0,Acyl-CoAdehydrogenase(fadE4),241,
1706,604,Acyl-CoAdehydrogenase(FadE4),241,
1706,1323,Acyl-CoAsynthase(fadE4),241,
944,425,Ribonucleoside-diphosphatereductase,beta-subunit(nrdB),244,
614,294,transcriptionalregulator,tetRfamily(HP),252,x
614,296,transcriptionalregulator,TetRfamily(HP),252,
842,139,MaoCfamilyprotein(HP),255,
1322,95,Thiolase,257,
1835,983,Acyl-CoAdehydrogenase(fadE4),258,
1835,1115,acylCoAdehydrogenase(fadE5),258,
1349,702,HP,260,
1349,746,HP,260,
1940,859,FADflavoproteinoxidase,262,
479,391,heatshockprotein,HSP20family(hsp),265,
1561,1546,NAD(P)Hdependentnitritereductase,large,266
524,85,Cobinamide/cobinamidephosphateguanylyltransferase(cobU),267
248,207,HP,270.2
1145,432,Transcriptionalregulator,putative,273
3628,7,,279
1391,1393,Nitriteexclusionprotein,280
509,273,HP,281
1682,1081,SubstrateCoAligase(fadD2),283
725,168,fadD27,287
1397,950,sulfatasefamilyprotein(atsG),310
425,157,HP,314
632,336,transcriptionalregulator,TetRfamily,315
9560,681,PPEfamilyprotein,318
9560,2397,PPEfamilyprotein(PPE),318
9560,2632,PPEfamilyprotein[PPE],318
9560,4429,PPEfamilyprotein,318
9560,5448,PPEfamilyprotein[PPE],318
9560,5736,PPEfamilyprotein[PPE],318
482,193,HP,320
737,538,ConservedHP,332
737,621,ConservedHP,332
668,452,Pyrrolidone-carboxylatepeptidase(pcp),334
671,247,HP,338
224,79,HP,340
1349,1048,P450heme-thiolateprotein,342
626,467,MitM-relatedprotein,344
1166,260,Oxidoreductase,putative,346
1166,384,oxidoreductase,putative,346
1511,1221,HP,350
1922,1574,HP,357
542,76,HP,364
557,454,PPEfamilyprotein(PPE),369
9827,2254,PPEfamilyprotein[PPE],370
9827,3661,PPEfamilyprotein(PPE),370
9827,8878,PPEfamily(PPE),370
413,183,conservedHP,376
413,189,ConservedHP,376
827,677,HP,377
1382,530,DivalentcationtransporterMgtEfamily(MgtE),378
3278,512,Transcriptionalregulator,LuxRfamily,399
3278,1654,transcriptionalregulator,LuxRfamily,399
2876,1222,membraneprotein,MmpLfamily,412
1157,248,Acetatekinase(ackA),422
1157,507,acetatekinase(ackA),422
1319,780,ConservedHP,425
2186,419,celldivisioncontrolprotein,putative,451
866,347,CDPdiacylglycerolserine(pssA),452
866,601,CDPdiacylglycerol-serine,452
425,51,HP,457,
1463,1396,PPEfamilyprotein,458,
809,586,conservedHP,462,
1448,1264,Cyclopropane-fattyacyl-phospholipid-synthase(ufaA1),463,
1319,141,HP,465,x
1319,143,HP,465,
2903,1189,Membraneprotein,MmpLfamily(MmpL4),466,
761,750,ConservedHP,468,
1556,574,PPEfamily(PPE),469,
2021,40,Prolyloligopeptidasefamilyprotein,473,
602,281,HP,477,
602,285,HP,477,
602,318,HP,477,
602,373,HP,477,
1424,7,DNAbindingprotein,putative(hash-t-hmotif),481,
488,261,HP,488,
770,16,transcriptionalregulator,TetRfamily,489
422,343,transcriptionalregulator,PbsXfamily(HP),491
422,348,Transcriptionalregulatoryprotein,PbsXfamily,491
1355,1110,conservedHP,501
692,197,DNAbindingresponseregulatorRegX3(regX3),510
890,807,conservedHP,515
788,565,cyclopropane-fatty-acyl-phospholipidsynthase2(cmaA2),524
788,700,Cyclopropane-fatty-acyl-phospholipidsynthase2(cmaA2),524
437,80,ConservedHP(mmps2),527
2906,297,Membraneprotein,MmpL1family(MmpL2),528
2906,458,Membraneprotein,mmpLfamily,528
2906,2203,membraneprotein,mmpLfamily(mmpL2),528
293,211,ConservedHP,529
1604,1405,HP,536
1604,1473,HP,536
1604,1851,HP,536
902,442,HP,541,x
902,442,HP,541,
902,521,HP,541,
1304,531,aminoacidpermease(HP),544,
1217,196,ConservedHP,552,
1007,755,3-oxoacyl-(acyl-carrier-protein)synthaseIII(fabH),557,
944,921,naphthoatesynthase(menB),573,
2207,2051,ribonucleoside-diphosphatereductase(nrdZ),596,
1166,909,Monooxygenaseputative,604,
791,245,DoxorubicinbiosynthesisenzymeDnrV,606,
2633,1329,conservedHP,612,
1214,867,virulencefactor(mce2),618,
1619,1349,virulencefactormceprotein,624,
608,23,IS1536,resolvase,633,
608,187,IS1536,resolvase(HP),633,
383,165,HP,641,
2567,1747,HP,643
1183,996,galactose1-phosphatexxxtransferase,647
1091,160,HP,650
395,112,ConservedHP,652
695,369,enoyl-CoAhydratase/isomerasefamilyprotein(echA3),660
947,333,methoxymycolicacidsynthase4(mmaA4),670
953,83,Methoxymycolicacidsynthase2,672
953,187,Methoxymycolicacidsynthase2(mmaA2),672
953,345,Methoxymycolicacidsynthase(mmaA2),672
890,541,Methoxymycolicacidsynthase1(mmaA1),673
1010,390,carboxylesterase(ligG),674
4196,794,glycosylhydrolase,676
2363,568,Arylsulfatase(atsD),692
230,43,HP,694
230,187,HP(b/wRv666/667),694
1914,109,ConservedHP,698
758,378,APendonucleasefamily2(end),699
842,521,hydrolase/esterase,lpqP,700
2894,784,Membraneprotein,MmpLfamily(mmpL5),705
2894,1773,membraneprotein,mmpLfamily(mmpL5),705
656,368,Transcriptionalregulator,putative(rspl),709
311,250,ConservedHP,719.2
1412,605,Glycosyltransferase,723
2219,1840,arylsulfatase(atsA),738
941,472,HP,740
980,84,hydroxyaciddehydrogenasefamilyprotein(HP),753
533,55,RNApolsigma70factor,ECFfamily(sigL),759
557,260,HP,769
215,212,HP,780
545,123,HP,787
1355,541,P450heme-thiolateprotein,788
1208,581,P450-hemethiolateprotein,790
1469,1436,Aldehydedehydrogenase(aldA),792
779,652,ConservedHP,800
2156,664,ProteaseII,ptrBa,805
638,567,ConservedHP,810
1301,553,Aminopeptidase(pepC),821
1598,836,cpsYprotein,826
1598,1501,cpsYprotein,826
833,403,thiosulfatesulfurtransferasecysA2(alsoMT3199andRv3117),837
2054,1972,LytR/CpsA/Psnfamilyprotein,844
1169,682,Nif3/5MMIfamilyprotein,845
1091,47,HP,848
1091,1018,HP,848
395,237,IS1605transposasetruncation(HP),850
917,823,HP,852
1004,300,dehydrogenaseE1component(HP),865
650,537,DNA-bindingresponseregulator,LuxRfamily,866
1213,415,cysteinesynthase,putative(cysM3),871
1682,515,Indolepyruvatedecarboxylase,putative,876
443,276,ConservedHP,877
788,675,conservedHP,900
1334,300,PPEfamilyprotein,901
1727,1478,Ferrodoxin/Ferrodoxin-NADPreductase(fprB),909
1523,1105,HP,911
2648,961,Transcriptionalregulator,luxRfamily,914
2648,1258,Transcriptionalregulator,LuxRfamily(HP),914
2648,1625,transcriptionalregulatoryprotein,LuxRfamily,914
2648,2407,transcriptionalregulator,LuxRfamily,914
857,528,HP,915
977,56,ConservedHP,917
179,19,HP,933
434,286,conservedHP,934
1076,829,HP,953
1112,196,PhosphateABCtransporterPbindingprotein[pstS],959
1112,897,phosphateABCtransporter,phosphatebindingprotein(pstS),959
773,51,HP,968
773,55,HP,968
245,172,HP,968.1
995,193,HP,969
995,960,HP,969
230,183,HP,974
347,172,HP,989
2803,2757,PE_PGRSfamilyprotein,1004
656,612,HP,1019
1175,298,HP,1025
1208,1085,argininedeaminase,arcA,1030
1703,508,HP,1035
1703,655,HP,1035
1703,694,HP,1035
1703,1105,HP,1035
647,284,ribosomalL25familyprotein(rplY),1043
3704,3067,Transcriptionalrepaircouplingfactor,1048
1715,1477,potassium-transportingATPase,Asubunit(kdpA),1058
830,214,DNAbindingresponseregulatorTrcR,1062
830,737,DNAbindingresponseregulatorTrcR,1062
927,925,HP,1072
1025,279,Proteaserelatedprotein,1073
788,621,HP,1075
1115,490,HP,1078
1115,542,HP,1078
755,155,HP,1081
389,126,HP,1083
389,290,HP,1083
3727,1630,HP,1096.2
1811,1116,HP,1099
860,534,ConservedHP,1103
956,172,HP,1105
722,312,proline-richantigen(pra),1109
311,113,HP,1134
1112,449,3-beta-hydroxysteroiddehydrogenase/isomerase,1137
272,41,Exodeoxyribonuclease,smallsubunit,1138
983,784,HP,1142
983,973,HP,1142
1073,481,GTPbindingprotein,1143
1460,1272,DNAbindingprotein,putative,1161
374,235,ConservedHP,1172
218,154,HP(b/wRv1139/1140),1172.1
1187,493,fattyacid-CoAracemase(mcr),1176
1187,776,Fattyacid-CoAracemase(mcr),1176
1187,1091,FattyacidCoAracemase(mcr),1176
1499,1206,ConservedHP,1183
927,387,ISMt1transposase(HP),1184,
927,408,HP(containsauthenticframeshift),1184,
1115,1113,HP,1193,
1676,165,nitratereductase,b-subunit(narH),1199,
620,459,Nitratereductase,deltasubunit(narJ),1200,
725,337,Nitratereductase,gammasubunit,1201,
725,657,Nitratereductase,gamma-subunit(narL),1201,
1886,1613,GTPbindingelongationfactorfamilyprotein,1202,
1886,1885,GTP-bindingelongationfactorfamilyprotein,1202,
1040,409,PPEfamilyprotein[PPE],1205,
770,448,HP,1216,x
770,448,HP,1216,
3008,2828,Membraneprotein,mmpLfamily(mmpL10),1220,
1616,586,HP,1223,
1631,1609,delta-1-pyrroline-5-carboxylatedehydrogenase(rocA),1224,
335,34,PEfamilyprotein(Rv1194/1195),1233,
563,356,ConservedHP,1243
1163,255,Glycosyltransferase,1250
1163,751,Glycosyltransferase,1250
1214,724,glucose-1-phosphateadenylyltransferase(glgC),1251
1685,475,diesterhydrolase,putative,1253
1685,905,diesterhydrolase,putative(HP),1253
1685,905,diesterhydrolase,putative,1253
1685,1531,diesterhydrolase(HP),1253
593,577,HP,1264.1
1307,1252,HP,1270
1181,839,sugarABCtransporter(sugC),1276
431,227,HP,1280
1166,1015,Transcriptionalregulator,AfsR/DnrI/RedDfamily,1305
698,345,HP,1306
698,364,HP,1306
422,396,HP,1307
347,5,HP,1309
1895,1328,ABCtransporterATP-bindingprotein(HP),1310
1895,1584,ABCtransporter,ATP-bindingprotein,1310
1895,1876,ABCtransporter,1310
1253,169,ExonucleaseSbcD-relatedprotein,1314
1523,64,ConservedHP,1328
1217,9,undecaprenyl-phosphate-alpha-N-acetylglucosaminyltransferase(rfe),1341
1217,1162,Undecaprenyl-phosphate,1341
1676,368,adenylatecyclase,putative,1361
1703,1410,adenylatecyclase,putative,1362
1346,288,nicotinatephosphoribosyltransferase,putative,1372
440,334,ConservedHP,1376
821,315,ConservedHP,1380
821,381,ConservativeHP,1380
1871,1124,GGDEFprotein(HP),1397
923,593,conservedHP,1400
3479,46,Transcriptionalregulator,LuxRfamily,1402
3479,896,transcriptionalregulator,LuxRfamily,1402
2045,1133,sensoryboxprotein/anti-anti-sigmafactor(rsbU),1410
260,39,HP,1413
308,305,PEfamilyprotein,1430
1619,367,PPEfamilyprotein[PPE],1431
1478,1429,Monoxygenase,flavin-bindingfamily,1438
1385,753,P450heme-thiolateprotein,1439
824,766,Methyltransferase,1447
527,382,transcriptionalregulatory,Marfamily(HP),1448
824,795,ConservedHP,1449
1940,13,ExinucleaseABC,subunitC(uvrC),1463
827,359,Acyltransferasefamilyprotein(HP),1471
827,695,Acetyltransferasefamilyprotein,1471
1586,1423,PEfamilyprotein,1474
1769,556,HP,1475
1769,655,HP,1475
815,645,ConservedHP,1477
425,98,HP,1484
2300,1,molybdopterinoxidoreductase,1487
2300,11,Molybdopterinoxidoreductase,1487
2300,681,molybdopterinoxidoreductase(bisC),1487
410,297,HP,1491
1007,172,Quinoneoxidoreductase,putative(qor),1501
1007,416,Quinoneoxidoreductase(qor),1501
1973,784,cationtransportingATPase,E1-E2familyctpD,1515
1145,328,HP,1533.2
1145,877,SPFHdomain/Band7familyprotein,1533.2
1145,1143,SPFHdomain,Band7familyptotein(HP),1533.2
1145,1709,SPFHdomain/band7familyprotein(b/wRv1489/14490),1533.2
356,354,HP,1534
230,164,HP,1535
899,632,HP,1551,
1799,168,HP,1556,
1799,488,HP,1556,
140,23,HP(b/wRv1508/1509),1556.1,
770,554,HP,1560,
770,561,HP,1560,
419,412,HP(Rv1510/1511),1560.1,
1046,69,GDP-D-mannosedehydratase(gmdA),1561,
1046,204,GDP-Dmannosedehydratase(gmdA),1561,
1121,260,Glycosyltransferase,1566,
1073,1050,Glycosyltransferase,1570,
3440,762,Membraneprotein,MmpLfamily(mmpL12),1573,
6301,3939,polyketidesynthase(pks5),1578,
6301,4058,Mycocerosisacidsynthase(pks5),1578,x
6301,4061,Mycocerosisacidsynthase(pks5),1578,x
6301,4061,Mycocerosisacidsynthase(pks5),1578,x
6301,4061,Mycocerosisacidsynthase(pks5),1578
410,125,protozoan/cianobacterialglobinfamilyprotein(glbN),1594
431,421,conservedHP,1597
2282,512,PPEfamilyprotein,1599
2282,1150,PPEfamilyprotein(PPE),1599
1715,411,AMPbindingfamilyprotein(fadD11),1600
1715,1484,AMPbindingfamilyprotein,1600
743,175,Fumaratereductse,iron-sulfurprotein(frdA),1604
1193,800,MembraneproteinMmpLfamily,1608
1193,921,membraneprotein,mmpLfamily(mmpL6),1608
1829,669,Maltooligosyltrehalosetrehalohydrolase,1613
2189,688,Lipopolysaccharidebiosynthesisprotein,WbpC,1616
284,95,ConservedHP,1618
284,274,ConservedHP,1618
1049,326,biotinsynthase(bioB),1624
239,50,ConservativeHP,1625
1367,688,ConservedHP,1628
1367,1072,ConservedHP,1628
887,879,nicotinate-nucleotidepyrophosphorylase(nadC),1632
758,607,HP,1633
1406,765,Prolipoproteindiacylglycosyltransferase,1649
1457,886,cytochromeduniquinoloidse,subunitI(appc),1659
1331,1222,Adenylatecyclase,1661
1331,1244,Adenylatecyclase,1661
2714,2365,DNApol1(polA),1665
1415,187,Drugtransporter,putative,1670
1415,1336,drugtransporterputative(HP),1670
1697,1108,HP,1671
1775,630,ABCtransporter,ATP-bindingprotein(HP),1707
752,609,ConservedHP,1730
935,31,Integrase/recombinaseXerD,1740
695,122,ConservedHP,1751
695,434,ConservedHP,1751
107,84,HP(betweenRv1719and1720),1759
1247,1132,6-aminohexanoate-dimerhydrolase,putative,1764
419,300,HP,1765
1385,960,Oxidoreductase,FAD-binding,1767
461,129,HP(b/wRv1737/1738),1780
1682,154,Sulfatetransporter,1781
2591,560,ABCtransporter,1789
2591,2541,ABCtransporter,ATP-bindingprotein,1789
1598,314,Very-long-chainacyl-CoA-synthetase(fadD1),1793
1691,1248,HP,1797
1544,1105,phospholipaseC(plcD),1799
1595,1307,HP,1809
383,114,HP,1810
1202,202,ConservedHP,1820
1202,931,ConservedHP,1820
1286,1107,HP,1820.1
1286,1162,Oxidoreductase,FADbinding,1821
2174,638,4-a-glucanotransferase/amylomaltasedisproportionatingenzyme,1831
2174,1612,4-a-gluconotransferase,1831
1280,400,P450heme-thiolateprotein,1834
324,216,HP(PPE),1838.1
296,253,ConservedHP,1841
284,0,conservedHP,1842
1967,714,PPEfamilyprotein,1849
1967,1288,PPEfamilyprotein(PPE),1849
386,347,HP(PPE),1849.1
1271,210,PPEfamilyprotein(PPE),1850
1160,737,PPEfamilyprotein(PPE),1856.1
1160,828,PPEfamily(PPE),1856.1
1193,144,oxidoreductase,pyridinenucleotide-disulphidefamily,1860
1133,813,oxidorecuctase,pyridinenucleotide-disulphidefamily,1860
431,110,HP,1861,
431,153,HP,1861,
431,198,HP,1861,
944,170,Steroldesaturase-relatedprotein,1862,
944,364,Steroldesaturase-relatedprotein,1862,
944,681,Steroldesaturase-relatedprotein,1862,x
944,681,Steroldesaturase-relatedprotein(HP),1862,
944,683,Steroldesaturase-relatedprotein(HP),1862,
944,695,Steroldesaturase-relatedprotein,1862,
704,388,HP,1864,
1919,516,ABCtransporter,1867,
1643,63,TPPrequiringenzymeilvG(acetoactatesynthase),1868,
1643,1104,TTPrequiringenzyme,ilvG,1868,
2426,1904,Preproteintranslocase,1869,
2426,1930,PreproteintranslocaseSecAsubunit(secA2),1869,
2426,2355,PreproteintranslocaseSecAsubunit(SecA2),1869,
878,111,HP,1873,
878,508,HP,1873,
866,346,PEG1/MESTprotein,1882,
1451,1302,6-phosphogluconatedehydrogenase(gnd),1892,
1451,1417,6-phosphogluconatedehydrogenase(gnd),1892,
1451,1417,6-phosphoglyconatedehydrogenase(gnd),1892,
314,286,urease,betasubunit(ureB),1897,
680,215,HP(ureD),1901,
860,367,Oxidoreductase,short-chaindehydrogenase/reductasefamily,1914,
2414,837,ConservedHP,1915,
2099,324,ConservedHP,1917,
2099,2097,ConservedHP,1917,
1244,745,L-lactatedehydrogenase(lldD2),1921,
470,179,HP,1922,
2063,0,Drugtransporter(HP),1926,x
2063,0,Drugtransporter(HP),1926,
2063,529,Drugtransporter,1926
2063,1511,Drugtransporter,1926
464,380,lipoproteinantigen,22kDa(lppE),1930
599,77,Chorismatemutaserelatedprotein,1933
965,520,HP,1936
965,793,HP,1936
1130,930,HP,1944
911,707,ConservedHP,1947
1226,760,Sugartransporterfamilyprotein,1953
434,343,Anti-antisigmafactor,1955
962,64,D-aminoacidoxidase,1956
962,511,D-aminoacidoxidase(aao),1956
473,407,ConservedHP,1957
647,215,HP,1958
647,216,HP,1958
2222,958,Catalase-peroxidase(katG),1959
452,6,Ferricuptakeregulationprotein(furA),1960,
452,27,Ferricuptakeregulatorprotein(furA),1960,
617,65,Phosphatidylethanolaminebindingprotein(lppC),1962,
752,630,metallo-b-lactasesuperfamilyprotein,1964,
1832,502,Isocitratelyase(aceAa),1966,
4475,1903,PPEfamilyprotein(PPE),1968,
4475,2424,PPEfamilyprotein,1968,x
4475,2424,PPEfamilyprotein,1968,
3041,2737,PPEfamilyprotein,1969,
1271,658,Lipoprotein(lppF),1972,
1271,1175,lipoprotein(lppF),1972,
1280,0,Esterase(lipD),1974,
1280,519,esterase,putative(lipD),1974,
704,217,ConservedHP,1979,
745,732,HP,1980,
745,733,dehydrogenase/reductasefamily(HP),1980,
1229,1141,acyl-CoAdehydrogenase(fadE17),1984,x
1229,1141,acyl-CoAdehydrogenase,FadE17,1984,
2519,459,Ferredoxinreductase,electrontransfer,1987,
311,184,ConservedHP,2003,
512,116,ConservedHP,2004,
449,319,DNAbindingprotein,putative,2005,
1028,906,Virulencefactormcefamily,2019,
1046,852,HP,2029,
1046,892,HP,2029,
1445,1335,aminoacidpermease(HP),2031,
815,427,immunogenicproteinMPB64/MPT64(mpt64),2032,
1676,60,PE_PGRS,2036,
1676,61,PE_PGRS,2036,
1676,1378,PE_PGRS,2036,
653,514,Serineesterase,2037,
911,878,Transcriptionalregulator,LysRfamily(HP),2039,
599,596,Transporter,LysE/YygAfamily,2040
767,560,HP,2051
1631,63,HP,2056
641,272,HP,2072
305,60,DNA-bindingprotein,putative,2077
998,304,Cationeffluxsystemprotein(HP),2084
1721,273,GAFfamilyprotein,2086
1721,812,GAFfamilyprotein,2086
2045,2028,ConservedHP,2089
488,442,HP,2095
12455,2248,Polyketidesynthase(pks12),2108
713,506,Carboxymethylenebutenolidase,putative(HP),2114
1463,125,HP,2135
299,216,HP,2136
299,234,HP,2136
971,386,HP,2137
1970,1444,HP,2140
1970,1812,HP,2140
572,91,Lipidphosphatephosphohydrolase(lppJ),2141
2159,462,HP,2144
1142,981,HP,2146
950,696,ConservedHP,2156
1358,1070,ConservedHP,2158
296,238,HP,2165
1517,1309,ConservedHP,2172
1193,1000,HP,2173
662,554,HP,2174
1829,164,ATPaseAAAfamily,2175
1829,482,ATPaseAAAfamily,2175
1829,893,ATPaseAAAfamily,2175
842,712,ConservedHP,2178
836,835,ConservedHP,2179
515,511,HP,2180
452,301,PPEfamilyprotein,2182.1
2444,1853,5-methyltetrahydrofolate-homocysteine(metH),2183
1388,742,L-asparaginepermease,2186
932,218,Oxidoreductase,shortchaindehydrogenase/reductasefamily,2187
530,350,ConservedHP,2198
1346,480,aminoacylase-1,putative(dapE2),2199
1058,105,ConservedHP,2202
725,342,HP[lppM],2227
1199,665,Ser/Thrproteinkinase(pknL),2232
1142,894,ConservedHP,2239
1811,112,LongchainfattyacidCoAligase,putative,2242
1811,639,LongchainfattyacidCoAligase,putative,2242
1214,1127,NLP/P60familyprotein,2245
1913,732,DNApolIII,epsilonsubunit,putative,2247
1913,807,DNApolymeraseIII,epsilonsubunit,2247
899,402,conservedHP(mmps3),2254
710,314,ConservedHP,2262
710,499,ConservedHP,2262
1538,537,HP,2265
1538,1465,HP,2265
1340,1038,Glutaminesynthetase(glnA2),2280
1340,1108,glutaminesynthase(glnA2),2280
1562,1247,proteinase(HP),2281
1094,1093,Phosphoglyceratemutasefamilyprotein(HP),2287
1871,418,HP,2289
476,352,ConservedHP,2299
785,68,HP,2300
503,457,HP,2314
455,226,HP,2315
1061,743,methyltransferaserelatedprotein(HP),2319
1778,487,HP,2324
1166,531,HP,2329
182,69,HP,2330.1
1379,1154,OxidoreductaseFADbinding,2338
398,37,Lipoprotein(lppO),2347
398,240,Lipoproteinputative(lppO),2347
1163,569,aminotransferase,2351
902,67,Haloalkanedehalogenase(HP),2353
932,732,HP,2357
845,215,Bem46protein,2364
191,111,HP,2365
191,141,HP,2365
524,318,HP,2373
524,458,HP,2373
1646,1508,Malateoxidoreductase,2394
1613,258,drugtransporter,2395
2888,0,membraneprotein,mmpL1family(mmpL9),2402
2888,29,membraneprotein,MmpLfamily,2402
1241,11,PEfamilyprotein,2404
419,381,Lipoprotein(lppQ),2406
293,147,HP,2407
1982,282,ConservativeHP,2410
1982,1979,ConservedHP,2410
284,12,ConservedHP,2411
296,251,ConservedHP,2412
1526,278,PhospholipaseC(plcC),2414
1526,299,PhospholipaseC(plcC),2414
1526,458,PhospholipaseC,2414
1526,476,PhospholipaseC(plcC),2414
1526,706,PhospholipaseC(plcC),2414
1562,588,PhospholipaseC(plcA),2416
1562,1041,phospholipaseC(plcA),2416
1865,544,PPEfamilyprotein[PPE],2423
368,364,HP,2423.1
1586,518,PhospholipaseC,2414
1058,8,PhoH-relatedprotein,2437
1031,166,Heatshockgenetranscriptionalrepressor(HrcA),2443
1292,151,HP,2456
1172,119,oxygen-independentcoproporphyrinogenIII(hemN),2457
1172,235,oxygen-independentcoproporphyrinogen3oxydase,putative,2457
557,222,HP,2459
2003,198,OPTfamilyprotein,2465
293,84,CBSdomainprotein,2478
1004,431,PEfamilyprotein,2481
977,598,ConservedHP,2483
977,612,ConservativeHP,2483
1655,105,ConservedHP,2484
1655,161,ConservedHP,2484
1655,488,conservedHP,2484
1046,6,HP,2496
671,543,PPEfamilyprotein(PPE),2505
1357,886,conservedHP,2525
105,14,HP,2527.1
1976,1503,Ferrodoxinoxidoreductase,alpha-subunit,2530
1400,434,Triggerfactor(tig),2537
1184,1183,Esterase(lipP),2538
2585,372,AminopeptidaseN(pepD),2542
2585,373,AminopeptidasN,2542
2585,609,aminopeptidaseN(pepD),2542
668,56,HNHendonucleasefamilyprotein,2545
677,248,HP,2548
1265,0,Carboxylesterasefamilyprotein(lipQ),2559
770,282,Enoyl-CoAhydratase/isomerasefamilyprotein(echA14),2560
2084,1085,PE_PGRSfamilyprotein,2561
3341,835,Transcriptionalregulator,LuxRfamily(HP),2563
3341,3340,transcriptionalregulator,LuxRfamily,2563
1103,319,2-oxoisovalertedehydrogenaseE1component(pdhA),2572
656,70,Succinyl-CoA-3-Ketoacid-CoenzymeAtransferase,2578
293,130,HP,2593.1
1505,1446,PEfamilyprotein(PPE),2595
224,119,HP,2606
2843,1429,Decarboxylase,Orn/Lys/Argfamily(adi),2607
788,64,HP,2616
797,676,HP,2616
209,135,HP(b/wRv2550/2551),2627.1
674,260,HP,2634
503,466,HP,2650
464,160,HP,2652
2189,950,purpleacidphosphotase-relatedprotein(HP),2654
902,39,1,3,4,6-tetrachloro-1,4cyclohexadienehydrolase(linB),2656
902,39,1,3,4,6-tetrachloro-1,4-cyclohexadienehydrolase(linB),2656
902,242,1,3,46tetrachloro1,4cyclohexadienehydrolase[linB],2656
902,243,1,3,4,6-tetrachloro-1,4cyclohexadienehydrolase(linB),2656
2381,322,GTPpyrophosphokinase(relA),2660
3506,1397,Substrate-CoAligase[fadD9],2667
3506,3123,SubstrateCoAligase,putative,2667
1517,1305,PE_PGRSfamilyprotein(PE_PGRS),2668.1
458,204,ConservedHP,2674
431,333,HP,2674
1571,772,Spermidinesynthase,2675
587,288,HITfamilyprotein,2688
440,69,HP,2692
425,314,ConservedHP,2695
485,16,HP,2709
458,457,ConservedHP,2719
719,6,riboflavinspecificdeaminaserelatedprotein,ribD,2745
410,123,PiIB-relatedprotein,2748
752,411,ConservedHP,2749
752,456,ConservedHP,2749
752,564,ConservedHP,2749
830,14,EnoylCoAhydratase/isomerasefamilyprotein(echA15),2753
1289,332,Transporter,NadC/P/Pho87family(arsA),2758
383,236,HP,2778
383,382,HP,2778
974,502,ConservedHP,2780
974,748,ConservedHP,2780
1058,727,HP,2785
1406,1039,oxidoreductase,pyridinenucleotide-disulphide,2786
974,240,ConservedHP,2787
2099,279,ConservedHP,2794
476,239,HP,2801.1
476,471,HP,2801.1
854,296,HP,2803.2
266,6,HP,2810,
890,540,ConservedHP,truncation,2821,
395,111,ConservativeHP,2829,
1094,66,TypeIrestrictionsystemspecificityprotein,2831,
419,46,HP,2832,
1208,1185,PPEfamilyprotein,2840,
1232,968,acyl-CoAdehydrogenase(fadE21),2859,
1202,800,Non-specificlipidtransferprotein(ltp1),2860,x
1202,800,Non-specificlipidtransferprotein(ltp1),2860,x
1202,800,Nonspecificlipidtransferprotein(ltp1),2860,x
1202,800,Non-specificlipid-transferprotein(ltp1),2860,x
1202,800,Non-specificlipidtransferprotein(ltp1),2860,x
1202,810,Non-specificlipidtransferprotein(ltp1),2860,
974,292,ConservedHP,2864,
629,378,HP,2867,
629,364,HP,2867.1,
629,481,HP,2867.1
629,629,HP,2867.1
467,191,HP,2871
467,390,HP,2871
341,67,ConservativeHP,2883
341,90,conservedHP,2883
908,736,HP,2887
944,822,HP,2891
947,500,HP,2894
950,894,DHHfamilyprotein,2903
1489,390,malate:quinoneoxidoreductase(HP),2918
1373,1288,Glutaminesynthetase,putative(glnA4),2928
380,15,HP,2932
380,60,HP,2932
1856,546,Penicillinbindingprotein,2933
1856,1242,Penicillinbindingprotein,putative(HP),2933
710,378,HP,2934
710,677,HP(b/wgenesRv2864/2865),2934
443,439,HP,2939
662,64,CellsurfacelipoproteinMpt83,2940
2087,356,HP,2942
392,316,HP,2944
1421,1123,amidasefamilyprotein(amiC),2956
1226,453,PPEfamilyprotein(PPE),2959
2339,3,formatedehydrogenase,alpha-subunit(fdhF),2968
794,343,RibonucleaseHII,2970
794,628,RibonucleaseHII(rnhB),2970
944,789,Lipoprotein(lppW),2973
944,844,Lipoprotein,putative(lppW),2973
1835,1604,HP,2981
1811,43,Ser/Thrproteinkinase(pknI),2982
1811,134,Serine/threonineproteinkinase(pknL),2982
2426,2298,Protein-pIIuridylyltransferase(glnD),2986
3617,2788,ChromosomesegregationSMCprotein,putative,2990
3617,3500,ChromosomesegregationSMCprotein(smc),2990
413,39,HP,2992
1751,954,Acyl-CoA-synthase,2999
1751,1742,Acyl-CoAsynthase(fadD26),2999
5626,59,Polyketidesynthase(ppsA),3000
4464,572,polyketidesynthase(ppsE),3005
995,176,antibioticresistenceABCtransporter,effluxsystemATPbindingprotein(drrA),3006
869,465,antibioticresistanceABCtransporter,efflux(drrB),3007
869,499,anitbioticresistanceABCtransporter,efflux(drrB),3007
1268,360,ConservedHP,3009
6335,150,Mycocerosicacidsynthase(mas),3010
6335,5299,Mycocerosicacidsynthase,3010
1742,74,acyl-CoAsynthase,FadD28,3011
1742,353,acyl-CoAsynthasefadD28,3011
2762,625,membraneprotein,MmpLfamily(mmpL7),3012
4862,1257,Polyketidesynthase(pks1),3018
2117,450,substrateCoA-ligase,fadD22,3021
2117,459,substrateCoA-ligase(fadD22),3021
1145,212,N5,N10methylenetetrahydromethanopterinreductaserelatedprotein,3025
1256,920,ConservedHP,3027
974,871,HP,3029
770,733,glycosyltransferase,3031
737,27,ConservedHP,3035
1349,1347,UDP-glucoronosyeandUDP-glucosyltransferase(HP),3038
2213,2201,ATPdependentDNAhelicase(RecG),3051
860,62,HP,3068
860,464,HP,3068
839,752,conservedHP,3085
710,518,Oxidoreductase,3087
623,387,HP,3088
932,468,PPEfamilyprotein,3101
845,0,HP(b/wRv3027/3028),3111
683,472,immunogenicproteinMPB64/MPT64precursor,3121
1040,582,DNAdamageinducibleproteinP,putative(dinP),3142
863,486,Oxidoreductase,shortchain,3143
863,735,Oxidoreductase,shortchain,3143
2165,2161,acyl-CoAdehydrogenase,putative(fadE22),3147
2276,893,CarbonstarvationproteinA(cstA),3149
2276,1275,CarbonstarvationproteinA,3149
417,59,ConservedHP,3150
1643,80,Phosphoglucomutase(pgmA),3153
1811,827,sulfatasefamilyprotein(atsF),3162
1811,883,sulfatasefamilyprotein(atsF),3162
1811,1365,sulfatasefamilyprotein(atsF),3162
1310,751,HP,3166
1058,244,transcriptionalregulator,AraCfamily(virS),3167
1058,715,transcriptionalregulator/AraCfamily(virS),3167,
1487,1116,monoxygenaseflavinbindingfamily,3168,
1424,349,conservedHP,3173,
1511,1175,SubstrateCoA-ligase,3174,
1691,187,HP,3176,
1583,636,alkyldihydroxyacetonephosphatesynthase,3190,
935,934,transcriptionalregulator,AfcR/Dnr/RedD(HP),3208,
806,124,Universalstressproteinfamily,3220,
1406,973,acyl-CoA-dehydrogenase,3226,
1406,1002,Acyl-CoAdehydrogenase(fadE24),3226,
401,117,ConservedHP,3230,x
401,117,ConservedHP,3230,x
401,117,ConservedHP,3230,
401,117,ConservedHP,3236,
1232,914,NADHdehydrogenaseI,subunitH(nuoH),3240,
1232,1060,NADHdehydrogenaseI,Hsubunit(nuoH),3240,
1901,30,nuoL,3244,
1664,1339,NADHdehydrogenaseI,Msubunit,3245,
1595,545,NADHdehydrogenaseI,subunitN(nuoN),3246,
1253,483,HP,3258,
1364,1361,Amineoxidase,Flavin-containing,3259,
902,193,hydrolase,alpha/betahydrolasefoldfamily(HP),3266,
1364,601,HP,3270,
329,308,HP,3275,
1034,592,IS1603transposase,3281,
1034,779,IS1603transposase(HP),3281,
1303,660,ABC-transporter,3290,x
1343,660,ABCtransporter,3290,
2102,908,ATPdependentDNAhelicase,3291,
254,26,conservedHP,3292,
1160,527,MutT/nudixfamilyprotein,3293,
965,295,diacylglycerolkinasecatalyticdomain-containingprotein,3314,
887,6,RNApolSigmaFactor(pvdS),3329,
887,490,RNApolsigmafactor,putative(pvdS),3329,
1157,598,Cation/H+antiporter(kefB),3333,
734,454,HP,3335,
3197,2589,Drugtransporter,3337,
725,276,HP,3340,
1250,207,alkane-1-monooxygenase,3350,x
1250,207,alkane-1-monooxygenase,3350,
1250,232,Alkane-1-monooxygenase,3350,
1250,468,Alkane1-monoxygenase,putative,3350,
1250,748,Alkane-1monooxygenase(HP),3350,
1250,999,alkane-1-monoxygenase,3350,
1250,1017,alkane-1-monooxygenase,3350,
1424,293,ConservedHP,3352,
1424,1131,ConservedHP,3352,
1040,233,HP,3354,
1661,15,Modificationmethylase,3363
2294,512,Sulfatetransporter/carbonicanhydrase,3373
1169,393,acyl-CoA-dehydrogenase,3374
893,546,Thiosulfatesulfurtransferase(sscA),3382
377,249,HP,3388
1349,328,lysine-epsilonamonotransferase(eat),3389
1349,1278,lysine-epsilonaminotransferase(lat),3389
4541,631,ATP-dependenthelicase,putative(lhr),3395
4541,2457,ATPdependenthelicase(lhr),3395
2978,2877,sulfatasefamilyprotein,3398
917,30,RNApseudouridylatesynthasefamily,3399
1184,250,hydrolase,Ama/HipO/HyuCfamily(amiB),3405
1295,1230,ConservedHP,3410
932,134,hydrolase,alpha/betahydrolasefoldfamily,3411
1283,1094,Thymidinephosphorylase(deoA),3415
1772,453,Succinatedehydrogenase,flavoproteinsubunit(sdhA),3419
1772,589,Succinatedehydrogenase,flavoproteinsubunit,3419
1790,991,IS1547transposase,3430
1217,682,penicillinbindingprotein,3433
439,339,transcriptionalregulator,MerRfamily,3438
1229,98,Isocitratedehydrogenase,NADP-dependent,3442
11355,3575,PPEfamilyprotein,3448
9500,1736,PPEfamilyprotein(PPE),3453
9500,4612,PPEfamilyprotein(PPE),3453
9500,6665,PPE,3453
9500,8471,PPEfamilyprotein,3453
9500,8577,PPEfamilyprotein,3453
9500,8737,HP,3453
11355,1035,PPEfamilyprotein,3458
11355,3081,PPEfamilyprotein,3458
11355,3788,PEfamilyprotein(PPE),3458
11355,4843,PPEfamilyprotein,3458
11355,5954,PPE,3458
11355,7007,PPE,3458
392,253,ConservedHP,3472
2630,1884,ConservedHP,3474
3296,1652,DNApolymeraseIII,alphasubunitputative(dnaE2),3480
1427,426,amidasefamilyprotein(amiD),3485
1505,1449,Cyclase,putative(HP),3487
1505,1470,Cyclaseputative,3487
1836,1396,HP,3489
677,237,IS1560transposase,3494.1
2327,2326,PE_PGRS,3495
710,399,lipoprotein,putative(lpqD),3497
926,212,inosine-uridinepreferringnucleosidehydrolase(iunH),3500
641,169,HP,3503
2360,533,conservedHP,3509
1238,89,Degt/DnrJ/EryC1familyprotein(HP),3510
1238,744,DegT/DnrJ/EryC1familyprotein,3510
1238,765,DegT/DnrJ/EryC1familyprotein,3510
1601,84,HP,3511
1601,1260,HP,3511
563,532,Transcriptionalregulator,TetRfamily,3513
887,724,Dioxygenase,putative(HP),3514
401,5,HP,3516
401,202,HP,3516
674,9,RNApolymerasesigma70factor,ECFfamily,3523
1619,598,Chaperonin60kDa(groEL1),3526
1619,604,Chaperonin69kDa(groEL1),3526
1034,369,O-sialoglycoproteinendopeptidase[gcp],3528
533,283,PPEfamilyprotein(PPE),3533
713,474,HP,3540
938,365,HP,3541
938,886,HP,3541
311,16,HP,3545
311,38,HP,3545
407,403,HP,3550
1214,1201,HP,3551
3602,2944,FtsK/SpoIIIEfamilyprotein,3553
743,586,serineexterase,cutinasefamily,3557
1688,931,HP,3561
1688,1452,HP,3561
857,624,HP,3569
1004,326,4-hydroxy-2-oxovaleratealdolase(mphE),3575
1349,103,sugartransporterfamilyprotein(kgtP),3580
1349,435,sugartransporterfamilyprotein(kgtP),3580
1178,625,PPEfamilyprotein(PPE),3582
3227,1518,HP,3583
1517,1176,HP,3584
689,116,HP,3585
983,18,esterase(lipF),3591
578,324,HP,3595
1154,1021,Virulencefactor/lprNmcefamilyprotein,3599
1073,459,virulencefactormcefamilyprotein,3601
1052,922,Virulencefactormcefamilyprotein,3602
842,683,conservedHP,3604
713,674,ConservedHP,3605
1646,361,SubstrateCoA-ligase,putative(fadD19),3616
1031,747,N5,N10methylenetetrahydromethaopterinreductaserelatedprotein,3621
1064,276,non-specificlifpidtransferprotein,possible(HP),3622.1
1031,856,ConservedHP,3624
524,94,siderosphorebindingprotein,putative,3625
1184,608,HP,3626
1154,802,HP,3632
1082,1067,ConservedHP,3657
2018,463,fattyaciddesaturase,putativeferrodoxin(fdxB),3658
2018,1399,Fattyaciddesaturase,ferredoxinreductase,3658
1160,13,Thiolase(fadA6),3660
1871,429,PPEfamilyprotein[PPE],3663
1184,912,Hydroxylase,3675
1076,542,Oxidoreductase,electrontransportcomponent,3676
1214,1207,Transcriptionalregulator,LacIfamily,3680
1076,397,ConservedHP,3692
419,329,Aspartate1-decarboxylase(panD),3706.1
2282,869,CelldivisionproteinFtsH,3714
968,16,epoxydehydrolase(ephA),3719
968,266,epoxidehydrolase(ephA),3719
1187,595,Luciferaserelatedprotein,3720
1124,651,conservedhypotheticaltransmembraneprotein,3731
1229,484,IS1553transposase,3742
2315,322,ATPdependentRNAhelicase,DEAD/DEAHboxfamily,3751
785,734,ConservedHP,3760
1646,1360,PeptideABC-transporter(dppD),3764
698,438,HP,3769
788,274,UltravioletN-glycosylase/APlyase[nth],3775
377,202,HP,3776
2432,1504,Penicillinbindingprotein1(ponA),3784
1145,932,HP,3793
1187,491,ConservedHP,3796
1187,645,ConservedHP,3796
1553,1109,Glycerolkinase(glpK),3798
1553,1322,Glycerolkinase,3798
1277,1116,ConservativeHP,3806
644,147,HP,3808
1025,669,ConservedHP,3817
725,443,N-acetylmuramyl-L-alanineamidase-related,3820
1283,340,cyclopropane-fattyacyl-phospholipidsynthase,3823
929,872,Oxidoreductase,3828
2330,2301,moaA/nifB/pqqEfamilyprotein,3833,
1076,76,DNAligase,putative(ligC),3836,
500,350,HP,3838,
1364,400,HP,3839,
1061,527,Transcriptionalregulator,AraCfamily,3841,x
1061,527,Transcriptionalregulator,AraCfamily,3841,
1232,465,PPE,3844,
1346,1144,HP,3848,
1982,0,CationtransportingATPase,E1-E2family,3851,
1982,809,Cation-transportingATPase,E1-E2family,3851,
1982,1042,Cation-transportingATPase,E1-E2family,3851,
212,67,ConservedHP,3853,
500,256,HP,3860,
1904,479,Metallo-beta-lactamasesuperfamilyprotein,3869,
1904,695,metallo-beta-lactamasesuperfamilyprotein,3869,
575,58,HP,3877,
88,12,Histidinol-phosphateaminotransamylase,3881
1628,789,HP,3885
1623,1367,HP,3885
1630,1377,HP,3885
986,671,Quinoneoxidoreductase,3886
842,840,Oantigenexportsystem,permeaseprotein(HP),3892
2138,7,NAD-dependentepimerase/dehydratasefamilyprotein(epiB),3893
2138,328,NAD-dependentepimerase/hydratasefamilyprot.epiB,3893
2138,905,NAD-dependentepimerase/dehydratasefamilyprotein(epiB),3893
2138,1769,NADdependentepimerase/dehydrasefamilyprotein(HP),3893
1016,722,ConservedHP,3903
1514,739,PE_PGRSfamilyprotein(PE_PGRS),3920
755,35,acyltransferasefamilyprotein,3924
3269,53,Membraneprotein,MmpLfamily(mmpL8),3931
3269,68,membraneprotein,mmpLfamily(mmpL8),3931
1535,1257,conservedHP(papA1),3932
6380,5755,mycocerosicacidsynthase(pks2),3933,
1226,138,IS1537Transposase,3935,
611,418,IS1537,resolvase,3936,
776,395,HP,3947,
776,570,HP,3947,
398,72,HP,3964,
1469,1460,Monooxygenase,flavin-bindingfamily(HP),3969,x
1469,1466,Monooxygenase,flavin-bindingfamily(HP),3969,x
1469,1468,Monooxygenase,flavin-bindingfamily(HP),3969,
350,238,HP,3976,
1208,1050,HP,3978,
1721,307,ATPase,AAAfamily,3981,
2243,453,FtsK/SpoIIIEfamilyprotein,3983,
2243,2023,FtsK/SpoIIIEfamilyprotein,3983,
1115,37,PPEfamily(PPE),3987,
2171,27,HP,3993,
2171,102,HP,3993,x
2171,102,HP,3993,
1419,80,HP,4002,
1409,1181,HP,4002,
830,466,ConservedHP,4004,
4190,3958,FtsK/SpoIIIEfamilyprotein,4010,
2540,2556,HP,4022,
590,570,RNApolymerasesigma70factor,ECFfamily(sigM),4030,
